[{"id":11,"name_doll":"Elsa","name_movie":"Frozen","year_of_release":"2013","production_house":"Walt Disney Animation Studios"},{"id":12,"name_doll":"Snow White","name_movie":"Snow White and the Seven Dwarfs","year_of_release":"2015","production_house":"Walt Disney Productions "},{"id":13,"name_doll":"Cindrella","name_movie":"Cindrella","year_of_release":"2015","production_house":"Allison Sheatmur Productions and Beagle Pug Films"},{"id":14,"name_doll":"Belle","name_movie":"Beauty and the Beast ","year_of_release":"1991","production_house":"Walt Disney Pictures and Silver Screen Partners"}]